001,abc123@gmail.com,abc123,"123 Fake Street, Philadelphia, PA 19131"
020,acarroll@yahoo.com,letsgo!!!,"29378 Right Avenue, Sierra Vista, Arizona 30484"
006,anochenson@yahoo.com,anochenson,"146 Real Street, Bryn Mawr, PA 19066"
013,bjoel@aol.com,onlythegooddieyoung,"1309 52 Street, Allentown, PA 90381"
011,bkane@gmail.com,bkane,"2900 Citrus Street, West Orange, NJ 07015"
012,bkaner@yahoo.com,brendankane,"1516 Stiles Street, Linden, NJ 07016"
002,bszefinski@yahoo.com,bszefinski,"456 City Avenue, Philadelphia, PA 19006"
015,chrisbell@gmail.com,chem4life,"3928 West Avenue, Boise, Idaho 89382"
019,dsv@gmail.com,strwrs4lf,"2039 South Street, Dallas, TX 19283"
021,jbethersonton@aol.com,butterball,"11454 Pruder Street, Fargo, ND, 50504, APT 23-R"
010,joeschmoe@aol.com,josephschmoseph,"12 Imaginary Way, Lincoln, NE 84739"
009,jondoe297@yahoo.com,parkalley,"1 Wayne Way, Gotham City, NY 49382"
003,mblack@yahoo.com,mblack,"297 Road Street, Merion Station, PA 19151"
007,mkrueger@gmail.com,mkrueger,"269 Park Way, Philadelphia, PA 19131"
014,msibona@yahoo.com,flyeaglesfly,"1400 122 Street, New York, New York 73612"
018,ndesmond@hotmail.com,salome,"10066 Sunset Boulevard, Hollywood, California 38372"
016,potus@whitehouse.gov,barryo,"1600 Pennsylvania Avenue NW, Washington, DC 20500"
008,psherman@gmail.au,darla,"42 Wallaby Way, Sydney, Australia"
017,santa@northpole.net,cringle,"325 S Santa Claus Lane, North Pole, Alaska 99705"
005,scooney@gmail.com,scooney,"731 Privet Drive, Philadelphia, PA 19151"
004,sfields@gmail.com,sfields,"945 Drive Way, Narberth, PA 19066"